Channel Title,Channel Link
deepfocuslens,https://www.youtube.com/@deepfocuslens
Chris Stuckmann,https://www.youtube.com/@chrisstuckmann
Sean Chandler Talks About,https://www.youtube.com/@SeanChandlerTalksAbout
Every Frame a Painting,https://www.youtube.com/@everyframeapainting
Lessons from the Screenplay,https://www.youtube.com/@LessonsfromtheScreenplay
StudioBinder,https://www.youtube.com/@StudioBinder
Pete Peppers,https://www.youtube.com/@PetePeppers1
The Book Leo,https://www.youtube.com/@TheBookLeo
BooksandLala,https://www.youtube.com/@BooksandLala
A Clockwork Reader,https://www.youtube.com/@AClockworkReader
PeruseProject,https://www.youtube.com/@PeruseProject
Daniel Greene,https://www.youtube.com/@DanielGreeneReviews
Captured in Words,https://www.youtube.com/@CapturedInWords
Graham Stephan,https://www.youtube.com/@GrahamStephan
The Money Guy Show,https://www.youtube.com/@MoneyGuyShow
Patrick Boyle,https://www.youtube.com/@PBoyle
Meet Kevin,https://www.youtube.com/@MeetKevin
Ramit Sethi,https://www.youtube.com/@RamitSethi
Zeihan on Geopolitics,https://www.youtube.com/@ZeihanonGeopolitics
RAND,https://www.youtube.com/@TheRANDCorporation
RealLifeLore,https://www.youtube.com/@RealLifeLore
Cleo Abram,https://www.youtube.com/@CleoAbram
ColdFusion,https://www.youtube.com/@ColdFusion
MrMobile [Michael Fisher],https://www.youtube.com/@TheMrMobile
SciShow,https://www.youtube.com/@SciShow
Dr. Becky,https://www.youtube.com/@DrBecky
Vsauce,https://www.youtube.com/@Vsauce
The Take,https://www.youtube.com/@TheTake
Brandon Sanderson,https://www.youtube.com/@BrandSanderson
Hello Future Me,https://www.youtube.com/@HelloFutureMe
Terrible Writing Advice,https://www.youtube.com/@TerribleWritingAdvice
OverSimplified,https://www.youtube.com/@OverSimplified
Gregory B. Sadler - That Philosophy Guy,https://www.youtube.com/@GregoryBSadler
Wireless Philosophy,https://www.youtube.com/@WirelessPhilosophy
The Why Files,https://www.youtube.com/@TheWhyFiles
Bedtime Stories,https://www.youtube.com/@BedtimeStoriesChannel
shane,https://www.youtube.com/@shane
Bailey Sarian,https://www.youtube.com/@baileysarian
Stephanie Harlowe,https://www.youtube.com/@StephanieHarlowe
Kendall Rae,https://www.youtube.com/@KendallRae
That Chapter,https://www.youtube.com/@ThatChapter
MrBallen,https://www.youtube.com/@MrBallen
Lazy Masquerade,https://www.youtube.com/@LazyMasquerade
My First Million,https://www.youtube.com/@MyFirstMillionPod
Dr. Tracey Marks,https://www.youtube.com/@DrTraceyMarks
HealthyGamerGG,https://www.youtube.com/@HealthyGamerGG
SciShow Psych,https://www.youtube.com/@SciShowPsych
Psych2Go,https://www.youtube.com/@Psych2Go
Ali Abdaal,https://www.youtube.com/@aliabdaal
Thomas Frank,https://www.youtube.com/@ThomasFrank
Huberman Lab,https://www.youtube.com/@hubermanlab
Matt D'Avella,https://www.youtube.com/@mattdavella
Science of People with Vanessa Van Edwards,https://www.youtube.com/channel/UCj9QBB4bNTv29f4oFIreNmw
Jefferson Fisher,https://www.youtube.com/@jeffersonfisher
Theo - t3.gg,https://www.youtube.com/@t3dotgg
ThePrimeagen,https://www.youtube.com/@ThePrimeagen
Andrej Karpathy,https://www.youtube.com/@AndrejKarpathy
Yannic Kilcher,https://www.youtube.com/@YannicKilcher
BibleProject,https://www.youtube.com/@bibleproject
Tiago Forte,https://www.youtube.com/@TiagoForte
Jeff Su,https://www.youtube.com/@JeffSu
Nerdwriter1,https://www.youtube.com/@Nerdwriter1
The Art Assignment,https://www.youtube.com/@theartassignment
Rock N' Roll True Stories,https://www.youtube.com/@rnrtruestories
Mic The Snare,https://www.youtube.com/@MicTheSnare
Alex Hormozi,https://www.youtube.com/@AlexHormozi
Iman Gadzhi,https://www.youtube.com/@ImanGadzhi
Neil Patel,https://www.youtube.com/@neilpatel
GaryVee,https://www.youtube.com/@garyvee
Internet Historian,https://www.youtube.com/@InternetHistorian
Peter McKinnon,https://www.youtube.com/@PeterMcKinnon
Jessica Kobeissi,https://www.youtube.com/@JessicaKobeissi
Overly Sarcastic Productions,https://www.youtube.com/@OverlySarcasticProductions
The Lore Lodge,https://www.youtube.com/@TheLoreLodge
See U in History / Mythology,https://www.youtube.com/@seeuinhistory
Tony Robbins,https://www.youtube.com/@TonyRobbinsLive
Abraham-Hicks Publications,https://www.youtube.com/user/AbrahamHicks
Dr Joe Dispenza,https://www.youtube.com/@drjoedispenza
leena norms,https://www.youtube.com/@leenanorms
Benjamin McEvoy,https://www.youtube.com/@BenjaminMcEvoy
Books and Things,https://www.youtube.com/@katiejlumsden
Better Than Food,https://www.youtube.com/@BetterThanFoodBookReviews
Todd V Dating,https://www.youtube.com/@ToddVDating
Playing With Fire,https://www.youtube.com/@PlayingWithFireChannel
Marni Your Personal Wing Girl,https://www.youtube.com/@marnikinrys
Esther Perel,https://www.youtube.com/@estherperel
Matthew Hussey,https://www.youtube.com/@thematthewhussey
Call Her Daddy,https://www.youtube.com/@callherdaddy
The Gottman Institute,https://www.youtube.com/@TheGottmanInstitute
Self Made Millennial,https://www.youtube.com/@selfmademillennial
Linda Raynier,https://www.youtube.com/@LindaRaynier
Mob Fireside Chat - American Mafia History,https://www.youtube.com/@MobFiresideChat
The Underworld Podcast,https://www.youtube.com/channel/UCaPBmfh3Dx84qKsUKNd5ZLg
The Infographics Show,https://www.youtube.com/@TheInfographicsShow
Mr. Nightmare,https://www.youtube.com/@mrnightmare
Nick Crowley,https://www.youtube.com/@NickCrowley
Nexpo,https://www.youtube.com/@nexpo
ESOTERICA,https://www.youtube.com/@TheEsotericaChannel
Weird History,https://www.youtube.com/@WeirdHistory
Isaac Arthur,https://www.youtube.com/@isaacarthurSFIA
Kurzgesagt – In a Nutshell,https://www.youtube.com/@kurzgesagt
AI Explained,https://www.youtube.com/@aiexplained-official
Technology Connections,https://www.youtube.com/@TechnologyConnections
Asianometry,https://www.youtube.com/@Asianometry
Company Man,https://www.youtube.com/@companyman114
Primal Space,https://www.youtube.com/@primalspace
Kings and Generals,https://www.youtube.com/@KingsandGenerals
Mark Felton Productions,https://www.youtube.com/@MarkFeltonProductions
Invicta,https://www.youtube.com/@InvictaHistory
Stewart Hicks,https://www.youtube.com/@stewarthicks
Smarthistory,https://www.youtube.com/@smarthistory-art-history
Manuel Bravo,https://www.youtube.com/@ManuelBravo
The Great American Western,https://www.youtube.com/@GreatAmericanWesterns
mila tequila,https://www.youtube.com/@milatequila
Cruel World Happy Mind,https://www.youtube.com/@cruelworldhappymind
Spill Sesh,https://www.youtube.com/@SpillSesh
The Rest Is History,https://www.youtube.com/@restishistorypod
LegalEagle,https://www.youtube.com/@LegalEagle
James Jani,https://www.youtube.com/@JamesJani
Coin Bureau,https://www.youtube.com/@CoinBureau
Finematics,https://www.youtube.com/@Finematics
Paul Barron Network,https://www.youtube.com/@paulbarronnetwork
Matt Wolfe,https://www.youtube.com/@mreflow
All About AI,https://www.youtube.com/@AllAboutAI
Dwarkesh Patel,https://www.youtube.com/@DwarkeshPatel
Rachel and Jun,https://www.youtube.com/@RachelandJun
Asian Boss,https://www.youtube.com/@AsianBoss
Blondie in China,https://www.youtube.com/@BlondieinChina
Simon Sinek,https://www.youtube.com/@simonsinek
PolyMatter,https://www.youtube.com/@PolyMatter
The School of Life,https://www.youtube.com/@theschooloflifetv
Theo Von,https://www.youtube.com/@TheoVon
The Andrew Schulz,https://www.youtube.com/@TheAndrewSchulz
Tom Segura,https://www.youtube.com/@tomsegura
Defunctland,https://www.youtube.com/@Defunctland
Amy Landino (AmyTV),https://www.youtube.com/@AmyTV
Roberto Blake,https://www.youtube.com/@RobertoBlake
Alex Cattoni,https://www.youtube.com/@AlexCattoni
Mark Rober,https://www.youtube.com/@MarkRober
iJustine,https://www.youtube.com/@ijustine
Unbox Therapy,https://www.youtube.com/@unboxtherapy
Austin Evans,https://www.youtube.com/@austinevans
The Philip DeFranco Show,https://www.youtube.com/@PhilipDeFranco
The Game Theorists,https://www.youtube.com/@GameTheory
The Plain Bagel,https://www.youtube.com/@theplainbagel
Daily Stoic,https://www.youtube.com/@DailyStoic
CinemaSins,https://www.youtube.com/@cinemasins
Jenny Nicholson,https://www.youtube.com/@JennyNicholson
Michelle Khare,https://www.youtube.com/@michellekhare
History Matters,https://www.youtube.com/@HistoryMatters
Wisecrack,https://www.youtube.com/@WisecrackEDU
Linus Tech Tips,https://www.youtube.com/@LinusTechTips
Think Fast Talk Smart,https://www.youtube.com/@ThinkFastTalkSmart
Baba Ram Dass,https://www.youtube.com/@BabaRamDassChannel
Fluent Forever,https://www.youtube.com/@FluentForeverApp
Sam Collins,https://www.youtube.com/@supraman38
World of Antiquity,https://www.youtube.com/@WorldofAntiquity
toldinstone,https://www.youtube.com/@toldinstone
TastingHistory,https://www.youtube.com/@TastingHistory
3Blue1Brown,https://www.youtube.com/@3blue1brown
StatQuest,https://www.youtube.com/@statquest
History for Granite,https://www.youtube.com/@HistoryforGRANITE
Peter Santenello,https://www.youtube.com/@PeterSantenello
